{
    "uvs":[[0.0,0.0,1.0,0.0,0.0,1.0,1.0,1.0]],
    "vertices":[-0.15,-0.15,0.15,0.15,-0.15,0.15,-0.15,0.15,0.15,0.15,0.15,0.15,-0.15,0.15,-0.15,0.15,0.15,-0.15,-0.15,-0.15,-0.15,0.15,-0.15,-0.15],
    "name":"Untitled.001Geometry.2",
    "normals":[-0.577349,-0.577349,0.577349,0.577349,-0.577349,0.577349,-0.577349,0.577349,0.577349,0.577349,0.577349,0.577349,-0.577349,0.577349,-0.577349,0.577349,0.577349,-0.577349,-0.577349,-0.577349,-0.577349,0.577349,-0.577349,-0.577349],
    "metadata":{
        "normals":8,
        "generator":"io_three",
        "vertices":8,
        "version":3,
        "type":"Geometry",
        "uvs":1,
        "faces":12
    },
    "faces":[40,0,1,2,0,1,2,0,1,2,40,2,1,3,2,1,3,2,1,3,40,2,3,4,0,1,2,2,3,4,40,4,3,5,2,1,3,4,3,5,40,4,5,6,0,1,2,4,5,6,40,6,5,7,2,1,3,6,5,7,40,6,7,0,0,1,2,6,7,0,40,0,7,1,2,1,3,0,7,1,40,1,7,3,0,1,2,1,7,3,40,3,7,5,2,1,3,3,7,5,40,6,0,4,0,1,2,6,0,4,40,4,0,2,2,1,3,4,0,2]
}
