{
    "animations":[{
        "tracks":[],
        "fps":24,
        "name":"default"
    }],
    "images":[],
    "geometries":[{
        "data":{
            "faces":[8,7,18,19,0,1,2,8,19,16,7,3,4,5,8,7,6,18,0,1,2,8,5,4,6,0,1,2,8,2,4,5,0,1,2,8,5,6,7,0,1,2,8,19,18,20,0,1,2,8,19,20,21,0,1,2,8,19,21,24,0,1,2,8,0,2,5,0,1,2,8,19,24,25,0,1,2,8,1,0,5,0,1,2,8,19,25,23,0,1,2,8,10,1,5,0,1,2,8,10,5,14,0,1,2,8,14,5,16,0,1,2,8,31,16,30,0,1,2,8,16,19,30,4,3,6,8,30,19,23,6,3,7,8,37,32,36,0,1,2,8,30,23,32,0,1,2,8,32,23,26,0,1,2,8,32,26,36,0,1,2,8,8,10,11,0,1,2,8,11,10,14,0,1,2,8,12,11,14,0,1,2,8,12,14,13,0,1,2,8,13,14,15,0,1,2,8,15,14,17,0,1,2,8,16,5,7,4,8,5,8,17,16,31,0,1,2,8,31,30,32,0,1,2,8,31,32,33,0,1,2,8,33,32,37,0,1,2,8,17,14,16,0,1,2,8,23,25,26,0,1,2,8,42,45,44,2,1,2,8,22,47,46,0,1,2,8,47,22,44,9,10,11,8,22,46,28,0,1,2,8,29,28,34,0,1,2,8,35,29,34,0,1,2,8,29,22,28,0,1,2,8,47,48,46,0,1,2,8,47,49,48,0,1,2,8,47,51,49,0,1,2,8,9,29,35,0,1,2,8,47,52,51,0,1,2,8,3,29,9,0,1,2,8,47,50,52,0,1,2,8,38,29,3,0,1,2,8,38,42,29,0,1,2,8,42,44,29,0,1,2,8,55,54,44,0,1,2,8,44,54,47,11,12,9,8,54,50,47,12,13,9,8,59,58,56,0,1,2,8,54,56,50,0,1,2,8,56,53,50,0,1,2,8,56,58,53,0,1,2,8,27,39,38,0,1,2,8,39,42,38,0,1,2,8,40,42,39,0,1,2,8,40,41,42,0,1,2,8,41,43,42,0,1,2,8,43,45,42,0,1,2,8,44,22,29,11,10,14,8,45,55,44,0,1,2,8,55,56,54,0,1,2,8,55,57,56,0,1,2,8,57,59,56,0,1,2,8,50,53,52,0,1,2,9,0,1,3,9,0,1,2,15,9,21,20,48,49,0,1,2,15,9,11,12,40,39,0,1,2,15,9,26,25,52,53,0,1,2,15,9,4,2,35,34,0,1,2,15,9,10,8,27,38,0,1,2,15,9,20,18,46,48,0,1,2,15,9,1,10,38,3,0,1,2,15,9,8,11,39,27,0,1,2,15,9,24,21,49,51,0,1,2,15,9,25,24,51,52,0,1,2,15,9,36,26,53,58,0,1,2,15,9,18,6,28,46,0,1,2,15,9,17,31,55,45,0,1,2,15,9,2,0,9,35,0,1,2,15,9,59,37,36,58,16,2,15,0,9,37,59,57,33,16,0,16,2,9,33,57,55,31,16,0,1,2,9,17,45,43,15,15,0,16,2,9,43,41,13,15,0,16,2,16,9,13,41,40,12,16,0,1,2,9,4,34,28,6,15,1,1,1],
            "vertices":[2.99705,-0.389656,-3.03688,2.87839,-0.389656,-3.11608,3.14139,-0.389656,-2.94056,2.87839,0.116342,-3.11608,3.22443,-0.389656,-2.70508,2.86172,-0.389656,-2.62801,3.22624,-0.389656,-2.35897,2.86313,-0.389656,-2.35706,-1.30083,-0.389657,-4.55771,2.99705,0.116342,-3.03688,-0.277765,-0.389656,-3.09955,-1.50248,-0.389656,-3.09429,-2.85003,-0.389656,-3.08724,-2.96857,-0.389656,-3.0063,-2.82963,-0.389656,-2.86917,-3.11115,-0.389656,-2.90895,-2.82821,-0.389656,-2.59822,-3.19171,-0.389656,-2.67265,3.25177,-0.389656,2.51811,2.88867,-0.389656,2.52001,3.25355,-0.389656,2.85651,3.21142,-0.389656,3.07128,2.86313,0.116342,-2.35706,2.62056,-0.389656,3.06333,3.06396,-0.389656,3.20219,2.91208,-0.389656,3.30566,2.62184,-0.389656,3.30718,-1.30083,0.116342,-4.55771,3.22624,0.116342,-2.35897,2.86172,0.116342,-2.62801,-2.79984,-0.389656,2.82076,-3.16258,-0.389656,2.88915,-2.79842,-0.389656,3.09171,-3.11746,-0.389656,3.10456,3.22443,0.116342,-2.70508,3.14139,0.116342,-2.94056,-2.81634,-0.389656,3.33566,-2.96888,-0.389656,3.23388,-0.277765,0.116342,-3.09955,-1.50248,0.116342,-3.09429,-2.85003,0.116342,-3.08724,-2.96857,0.116342,-3.0063,-2.82963,0.116342,-2.86917,-3.11115,0.116342,-2.90895,-2.82821,0.116342,-2.59822,-3.19171,0.116342,-2.67265,3.25177,0.116343,2.51811,2.88867,0.116343,2.52001,3.25355,0.116343,2.85651,3.21142,0.116343,3.07128,2.62056,0.116343,3.06333,3.06396,0.116343,3.20219,2.91208,0.116343,3.30566,2.62184,0.116343,3.30718,-2.79984,0.116342,2.82076,-3.16258,0.116342,2.88915,-2.79842,0.116342,3.09171,-3.11746,0.116342,3.10456,-2.81634,0.116343,3.33566,-2.96888,0.116343,3.23388],
            "metadata":{
                "faces":94,
                "vertices":60,
                "generator":"io_three",
                "version":3,
                "uvs":1
            },
            "name":"MeshGeometry.6",
            "uvs":[[0.027845,0.953099,0.0469,0.953099,0.0469,0.972155,0.961585,0.864355,0.037296,0.047591,0.952396,0.080422,0.047507,0.918628,0.919055,0.951969,0.951885,0.036871,0.055169,0.850468,0.06985,0.095329,0.951662,0.070504,0.935349,0.909548,0.09549,0.935187,0.070666,0.053377,0.027845,0.972155,0,0]]
        },
        "uuid":"01FD6997-CA5C-3CD9-90DC-03A43A2F3D2E",
        "type":"Geometry"
    }],
    "textures":[],
    "object":{
        "matrix":[1,0,0,0,0,1,0,0,0,0,1,0,0,0,0,1],
        "children":[{
            "name":"Curve",
            "uuid":"B3611DE3-7A17-381E-915C-5B7D61F2BFA5",
            "matrix":[-1,0,0,0,0,0,1,0,0,1,0,0,0,0,0,1],
            "visible":true,
            "type":"Mesh",
            "material":"AB41C3B0-6911-3602-A3A5-274AC740EA82",
            "castShadow":true,
            "receiveShadow":true,
            "geometry":"01FD6997-CA5C-3CD9-90DC-03A43A2F3D2E"
        }],
        "uuid":"36053680-1CE1-4FEB-8388-86B89BA5F17E",
        "type":"Scene"
    },
    "materials":[{
        "shininess":50,
        "vertexColors":0,
        "name":"emoji",
        "depthWrite":true,
        "type":"MeshPhongMaterial",
        "blending":"NormalBlending",
        "color":13421772,
        "emissive":0,
        "uuid":"AB41C3B0-6911-3602-A3A5-274AC740EA82",
        "specular":8355711,
        "depthTest":true
    }],
    "metadata":{
        "generator":"io_three",
        "version":4.4,
        "type":"Object",
        "sourceFile":"emoji2.blend"
    }
}